party_id,party_name_short,party_name_english,country_name,family_name
1739,ALO,Alternative List Austria,Austria,Green/Ecologist
1536,BZO,Alliance for the Future of Austria,Austria,Right-wing
1752,CSA,Christian Social Alliance (Karl Habsburg List),Austria,Christian democracy
1743,DFP,Democratic Progressive Party,Austria,Special issue
1745,DU,The Independents -- Lugner's List,Austria,Special issue
2340,EU-STOP,"EU Withdrawal, Direct Democracy, Neutrality",Austria,Special issue
50,FPO,Freedom Party of Austria,Austria,Right-wing
1746,Fritz,The Citizens' Forum Austria,Austria,Social democracy
2652,GILT,My Vote Counts!,Austria,Special issue
1429,Gruene,The Greens -- The Green Alternative,Austria,Green/Ecologist
769,KPO,Communist Party of Austria,Austria,Communist/Socialist
955,LIF,Liberal Forum,Austria,Liberal
669,Martin,Hans-Peter Martin's List,Austria,Special issue
1750,N,Citizens' Initiative for the retention of neutrality,Austria,Special issue
2255,NEOS,NEOS -- The New Austria,Austria,Liberal
1744,Nein,No -- Citizens' Initiative against EU membership,Austria,Special issue
1013,OVP,Austrian People's Party,Austria,Christian democracy
2651,PILZ,Peter Pilz List,Austria,Green/Ecologist
2339,REKOS,The Reform Conservatives,Austria,Conservative
973,SPO,Social Democratic Party of Austria,Austria,Social democracy
2150,TS,Team Stronach,Austria,Liberal
1740,VGO,United Greens Austria,Austria,Green/Ecologist
2055,no-seat,no seat,Austria,no family
272,none,no party affiliation,Austria,no family
1039,todo,to be coded,Austria,no family
1487, Spirit, Spirit,Belgium,Liberal
1594,AGL-Gr,Agalev -- Green,Belgium,Green/Ecologist
167,BSP-PSB,Belgian Socialist Party,Belgium,Social democracy
2422,BWP-POB,Belgian Labour Party,Belgium,Social democracy
2564,CD,Catholic Dissidents,Belgium,Christian democracy
972,CD+NVA,Christian-Democrat and Flemish / New Flemish Alliance,Belgium,Christian democracy
119,CSP,Christian Social Party,Belgium,Christian democracy
2481,CV,Christian Peoples' Party [Daens],Belgium,Christian democracy
723,CVP,Flemish Christian Peoples Party,Belgium,Christian democracy
2569,DC, Christian Democrats,Belgium,Christian democracy
2368,DLB,"Belgians, Rise Up!",Belgium,Right-wing
161,Ecolo,Confederated ecologists for the organisation of original struggles,Belgium,Green/Ecologist
969,FDF,Francophone Democratic Front,Belgium,Liberal
171,FN,National Front,Belgium,Right-wing
2424,FP|VNV,Front Party | Flemish National Union,Belgium,Social democracy
1335,KLS,Cartel of Liberals and Socialists,Belgium,Social democracy
2423,KP-PC,Catholic Party,Belgium,Christian democracy
708,KPB-PCB,Communist Party,Belgium,Communist/Socialist
2486,KVV,Catholic Flemish People's Party,Belgium,Christian democracy
1268,LC,Catholics Lists,Belgium,Christian democracy
221,LD|LDD,"List Dedecker | Libertarian, Direct, Democratic",Belgium,Liberal
63,LP-PL,Liberal Party,Belgium,Liberal
656,MCC,Citizens' Movement for Change,Belgium,Christian democracy
915,MR,Reformist Movement,Belgium,Liberal
501,N-VA,New Flemish Alliance,Belgium,Conservative
256,PA-PTB,Workers' Party of Belgium,Belgium,Communist/Socialist
640,PL(B),Liberal Party [Brussels Region],Belgium,Liberal
454,PRL,Liberal Reformist Party,Belgium,Liberal
1378,PS,Socialist Party [Francophone],Belgium,Social democracy
1192,PSC-CDH,Francophone Christian Social Party -- Humanist Democratic Centre,Belgium,Christian democracy
1051,PSC-CVP,Francophone Christian Social Party and Flemish Christian People's Party,Belgium,Christian democracy
1110,PVV|VLD,Party of Liberty and Progress | Flemish Liberals and Democrats,Belgium,Liberal
438,Pp,People's Party,Belgium,Conservative
748,ROSSEM,Radical Reformers Fighting for an Upright Society,Belgium,Liberal
460,RW,Walloon Rally,Belgium,Social democracy
2425,Rex,Rexist Party,Belgium,Right-wing
1440,RvA-UpD,Respect for Labour,Belgium,Right-wing
1029,SP,Socialist Party,Belgium,Social democracy
1113,SPa+Spi,Socialist Party Different / Social Liberal Party,Belgium,Social democracy
1181,UDB,Belgian Democratic Union,Belgium,to be coded
620,V,Alive,Belgium,Liberal
993,VB,Flemish Block,Belgium,Right-wing
290,VU,People's Union,Belgium,Right-wing
470,WOW,Growing Old in Dignity,Belgium,Right-wing
2488,etc,others,Belgium,no family
2052,no-seat,no seat,Belgium,no family
1458,none,no party affiliation,Belgium,no family
2300,one-seat,one seat,Belgium,no family
2364,ABV,Alternative for Bulgarian Revival,Bulgaria,Social democracy
535,Ataka,Attack,Bulgaria,Right-wing
599,BBB,Bulgarian Business Bloc,Bulgaria,Liberal
2362,BBZ,Bulgaria Without Censorship,Bulgaria,Conservative
710,BE,Euro-Left Coalition,Bulgaria,Social democracy
2213,BNG,Bulgaria for Citizens Movement,Bulgaria,Conservative
364,BNRP,Bulgarian National Radical Party,Bulgaria,Right-wing
1375,BNS,Bulgarian People's Union,Bulgaria,Conservative
982,BSP,Bulgarian Socialist Party,Bulgaria,Social democracy
2173,BZNS-NP,"Bulgarian Agrarian National Union -- ""Nikola Petkov""",Bulgaria,Agrarian
2595,CSD,Center-Freedom and Dignity,Bulgaria,to be coded
2379,D21,Movement 21,Bulgaria,Social democracy
2170,DAR,Democratic Alternative for the Republic,Bulgaria,Social democracy
2638,DB,"Yes, Bulgaria!",Bulgaria,Liberal
1362,DG,George's Day Movement,Bulgaria,Right-wing
2639,DOST,"Democrats for Responsibility, Solidarity and Tolerance",Bulgaria,Liberal
542,DP,Democratic Party,Bulgaria,Christian democracy
1286,DPS,Movement for Rights and Freedoms,Bulgaria,Liberal
57,DSB,Democrats for a Strong Bulgaria,Bulgaria,Conservative
2178,ER,Euroroma,Bulgaria,Special issue
800,FTB,Kingdom of Bulgaria Confederation,Bulgaria,Special issue
1541,GERB,Citizens for European Development of Bulgaria,Bulgaria,Conservative
2214,GN,People's Voice,Bulgaria,Special issue
1570,KPB,Communist Party of Bulgaria,Bulgaria,Communist/Socialist
2179,KR,Coalition of the Rose,Bulgaria,Social democracy
15,KSII,Simeon II Coalition,Bulgaria,Special issue
1160,KzB|DL,Coalition for Bulgaria | Democratic Left,Bulgaria,Social democracy
566,Lider,Lider,Bulgaria,Liberal
544,NDSV,National Movement Simeon II,Bulgaria,Liberal
2211,NFSB,National Front for the Salvation of Bulgaria,Bulgaria,Right-wing
2180,NV,New Times,Bulgaria,Green/Ecologist
784,ODS,United Democratic Forces,Bulgaria,Conservative
996,ONS,Union for National Salvation,Bulgaria,Liberal
1149,OT-SII,Union for Tzar [Simeon II],Bulgaria,Special issue
1161,PBSD,Party of Bulgarian Social Democrats,Bulgaria,Social democracy
1548,PKE,"Political Club ""Ecoglasnost""",Bulgaria,Green/Ecologist
2177,PS,Patriotic Union,Bulgaria,Conservative
2640,R,Revival,Bulgaria,Right-wing
2363,RB,Reformist Bloc,Bulgaria,Conservative
636,RZS,"Order, Lawfulness and Justice",Bulgaria,Right-wing
423,SDS,Union of Democratic Forces,Bulgaria,Christian democracy
2175,SDS-l,Union of Democratic Forces -- Liberal,Bulgaria,Liberal
2174,SDS-ts,Union of Democratic Forces -- Centre,Bulgaria,Social democracy
1254,SK,Blue Coalition,Bulgaria,Conservative
2176,SNI,"""New Choice"" Union",Bulgaria,Liberal
2212,VMRO,IMRO -- Bulgarian National Movement,Bulgaria,Right-wing
2637,Volya,Will,Bulgaria,Liberal
353,ZNS,Agrarian People's Union,Bulgaria,Agrarian
963,ZP,Green Party of Bulgaria,Bulgaria,Green/Ecologist
529,ZS-AS,"Agrarian Union ""Aleksandar Stamboliyski""",Bulgaria,Agrarian
133,none,no party affiliation,Bulgaria,no family
1464,todo,to be coded,Bulgaria,no family
1213,BDP,Conservative Democratic Party of Switzerland,Switzerland,Conservative
1957,BHB,Young Peasants Movement,Switzerland,Green/Ecologist
531,CVP-PDC,Conservative Peoples Party,Switzerland,Christian democracy
1012,CsP-PCS,Christian Social Party,Switzerland,Christian democracy
886,DG,Democratic Group,Switzerland,Social democracy
1318,EDU-UDF,Federal Democratic Union of Switzerland,Switzerland,Conservative
1964,EJ,Agreement Jura,Switzerland,to be coded
602,EVP-PEP,Protestant Peoples Party,Switzerland,Christian democracy
26,FDP-PRD,Radical Democratic Party,Switzerland,Liberal
569,FGr-ASF,Feminists and Green-Alternative Groups,Switzerland,Green/Ecologist
1602,FPS,Automobile Party | Freedom Party of Switzerland,Switzerland,Right-wing
308,GPL-PVL,Green Liberal Party,Switzerland,Green/Ecologist
1951,GV,Grutli Society,Switzerland,Social democracy
141,Grue,Greens,Switzerland,Green/Ecologist
1967,KHM,Committee Herbert Maeder,Switzerland,no family
1960,LF/PEB,Liberal Socialist Party,Switzerland,Liberal
458,LPS,Liberal Party of Switzerland,Switzerland,Liberal
1500,LdT,Ticino League,Switzerland,Right-wing
1264,LdU-ADI,Independents Alliance,Switzerland,Social democracy
2599,MCR,Geneva Citizens' Movement,Switzerland,Right-wing
628,NA|SD,National Action -- Swiss Democrats,Switzerland,Right-wing
964,POCH,Progressive Organisations of Switzerland,Switzerland,Communist/Socialist
224,PSA,Autonomous Socialist Party,Switzerland,Communist/Socialist
1167,PdA,Swiss Party of Labour,Switzerland,Communist/Socialist
564,RB,Republican Movement,Switzerland,Right-wing
1226,S,Solidarity,Switzerland,Communist/Socialist
35,SP-PS,Social Democratic Party of Switzerland,Switzerland,Social democracy
750,SVP-UDC,Swiss People's Party,Switzerland,Agrarian
1954,UDE,National Union,Switzerland,Right-wing
2579,etc,others,Switzerland,no family
1211,none,no party affiliation,Switzerland,no family
2303,one-seat,one seat,Switzerland,no family
1779,ADISOK,Democratic Socialist Renewal Movement,Cyprus,Communist/Socialist
1049,ADK,Fighting Democratic Movement,Cyprus,Right-wing
572,AKEL,Progressive Party of Working People,Cyprus,Communist/Socialist
851,DIKO,Democratic Party,Cyprus,Conservative
1575,DISY,Democratic Rally,Cyprus,Conservative
1523,ED,United Democrats,Cyprus,Liberal
945,EDEK,Movement for Social Democracy EDEK,Cyprus,Social democracy
491,EK,European Party,Cyprus,Liberal
1768,ELAM,National Popular Front,Cyprus,Right-wing
1777,EnKe,Union Centre,Cyprus,Liberal
768,GTE,For Europe,Cyprus,Conservative
1071,Greek,Greek,Cyprus,no family
2343,I-SL,Independent -- Sener Levent,Cyprus,no family
1735,KEP,Free Citizens Movement,Cyprus,to be coded
2627,KGTZTK,Animal Party Cyprus,Cyprus,Special issue
2626,KINHMA,Solidarity Movement,Cyprus,Right-wing
1621,KOP,Ecological and Environmental Movement,Cyprus,Green/Ecologist
1151,LP,Liberal Party,Cyprus,Liberal
2342,ME,Message of Hope,Cyprus,Liberal
1778,NEDEPA,New Democratic Front,Cyprus,to be coded
6,NO,New Horizons,Cyprus,Right-wing
1776,PAME,Pancypriot Militant Front,Cyprus,Right-wing
2341,SYM,Citizen's Alliance,Cyprus,Social democracy
1655,Turkish,Turkish,Cyprus,no family
534,none,no party affiliation,Cyprus,no family
1112,todo,to be coded,Cyprus,no family
2263,ANO,Action of Dissatisfied Citizens,Czech Republic,Liberal
29,CNSP,Czech National Social(ist) Party,Czech Republic,Right-wing
789,CSSD,Czech Social Democratic Party,Czech Republic,Social democracy
795,DSSS,Workers' Party of Social Justice,Czech Republic,Right-wing
1616,DU,Democratic Union,Czech Republic,Liberal
77,DZJ,Pensioners for a Secure Living,Czech Republic,Social democracy
1454,EDS,European Democratic Party,Czech Republic,Liberal
19,HSD-SMS,Movement for Self-Governing Democracy -- Society for Moravia and Silesia,Czech Republic,Special issue
2223,HSS,Movement for Social Justice,Czech Republic,Social democracy
2220,KAN,Club of committed Non-Party Members,Czech Republic,Liberal
440,KDS,Christian Democratic Party,Czech Republic,Christian democracy
1245,KDU-CSL,Christian Democratic Union -- People's Party,Czech Republic,Christian democracy
665,KSC,Communist Party of Czechoslovakia,Czech Republic,Communist/Socialist
1173,KSCM,Communist Party of Bohemia and Moravia,Czech Republic,Communist/Socialist
2224,LB,Left Bloc,Czech Republic,Communist/Socialist
2042,LIDEM,LIDEM -- Liberal Democrats,Czech Republic,Liberal
1218,LSU,Liberal Social Union,Czech Republic,Liberal
2221,NEI,Independent Initiative,Czech Republic,to be coded
653,Ne,Independent,Czech Republic,Right-wing
1123,ODA,Civic Democratic Alliance,Czech Republic,Liberal
829,ODS,Civic Democratic Party,Czech Republic,Conservative
743,OF,Civic Forum,Czech Republic,Liberal
574,OH|SD,Civic Movement | Free Democrats,Czech Republic,Liberal
2033,PB,Right Bloc,Czech Republic,Right-wing
2261,Pi,Czech Pirate Party,Czech Republic,Special issue
1613,S-JB,Sovereignty -- Jana Bobosikova Bloc,Czech Republic,Right-wing
2102,SB,Free Bloc,Czech Republic,to be coded
2219,SCPZR,"Czechoslovak Businessmen's, Traders' and Farmers' Party",Czech Republic,Liberal
1532,SNK-ED,SNK European Democrats,Czech Republic,Liberal
2654,SPD,Freedom and Direct Democracy Tomio Okamura,Czech Republic,Right-wing
406,SPOZ,Party of Civic Rights -- Zemanovci,Czech Republic,Social democracy
2222,SPP,Party of the Friends of Beer,Czech Republic,Special issue
872,SPR-RSC,Rally for the Republic -- Republican Party of Czechoslovakia,Czech Republic,Right-wing
363,SSO,Party of Free Citizens,Czech Republic,Conservative
2024,STAN,Mayors and Independents,Czech Republic,Special issue
196,SZ,Green Party,Czech Republic,Green/Ecologist
2101,SZV, Alliance of Farmers and the Countryside,Czech Republic,Agrarian
2,TOP09,Tradition Responsibility Prosperity 09,Czech Republic,Conservative
2262,UPD,Dawn of Direct Democracy,Czech Republic,Conservative
688,US,Freedom Union,Czech Republic,Liberal
336,VV,Public Affairs,Czech Republic,Liberal
1567,none,no party affiliation,Czech Republic,no family
1345,todo,to be coded,Czech Republic,no family
796, WASG,Labour and Social Justice -- The Electoral Alternative,Germany,Communist/Socialist
2253,AfD,Alternative for Germany,Germany,Right-wing
255,B90/Gr,Alliance 90 / Greens -- Citizens' Movement,Germany,Green/Ecologist
772,B90/Gru,Alliance 90 / Greens,Germany,Green/Ecologist
1720,BFB,Confederation of free citizens -- Offensive for Germany,Germany,Right-wing
1131,BP,Bavarian Party,Germany,Conservative
808,CDU,Christian Democratic Union,Germany,Christian democracy
1727,CDU+CSU,Christian Democratic Union / Christian Social Union,Germany,Christian democracy
1180,CSU,Christian Social Union,Germany,Christian democracy
633,DFU,German Peace Union,Germany,Communist/Socialist
912,DP,German Party,Germany,Conservative
187,DRP,German Reich Party,Germany,Right-wing
1506,DVU,German People's Union,Germany,Right-wing
137,DZ,Centre Party,Germany,Christian democracy
543,FDP,Free Democratic Party,Germany,Liberal
358,FVP,Free People's Party,Germany,Liberal
41,FW,Free Voters,Germany,Conservative
1235,Fam,Family Party of Germany,Germany,Conservative
1718,Fr,Peace alliance,Germany,Communist/Socialist
1507,GB/BHE,All-German Bloc / League of Expellees and Deprived of Rights,Germany,Right-wing
1701,GDP,All-German Party,Germany,Conservative
238,GVP,All-German People's Party,Germany,Christian democracy
292,Grau,The Grays -- Gray Panthers,Germany,Special issue
649,KPD,Communist Party of Germany,Germany,Communist/Socialist
791,Li/PDS,The Left / PDS,Germany,Communist/Socialist
1537,NPD,National Democratic Party,Germany,Right-wing
2649,PARTEI,THE PARTY,Germany,Special issue
865,Pi,German Pirate Party,Germany,Special issue
524,Rep,The Republicans,Germany,Right-wing
558,SPD,Social Democratic Party of Germany,Germany,Social democracy
301,Tier,Animal Protection Party,Germany,Special issue
1420,WAV,Economic Reconstruction League,Germany,Right-wing
2034,no-seat,no seat,Germany,no family
610,none,no party affiliation,Germany,no family
2289,one-seat,one seat,Germany,no family
2567,A,The Alternative,Denmark,Green/Ecologist
2575,At,Solidarity (Greenland),Denmark,Liberal
2428,Bo,Farmers' Party ,Denmark,Agrarian
1324,CD,Centre Democrats,Denmark,Conservative
1418,DF,Danish Peoples Party,Denmark,Right-wing
1239,DKP,Communist Party of Denmark,Denmark,Communist/Socialist
2432,DNSAP,National Socialist Workers' Party of Denmark,Denmark,Right-wing
412,DS,Danish Union,Denmark,Right-wing
538,DU,Independents Party,Denmark,Liberal
2429,EP,Industry Party ,Denmark,Liberal
306,En-O,Red-Green Alliance,Denmark,Communist/Socialist
2574,FF,People's Party (Faroe Islands),Denmark,Conservative
367,FK,Common Course,Denmark,Communist/Socialist
749,Fobe,People's Movement against the EU,Denmark,Special issue
978,FrP,Progress Party,Denmark,Liberal
1634,GrFa,Greenland and Faroe Islands,Denmark,no family
797,Gron,Greens,Denmark,Green/Ecologist
1786,HV,Liberals of the Capital,Denmark,Liberal
1891,IA,Community of the People,Denmark,Communist/Socialist
1894,Jf,Social Democratic Party (Faroe Islands),Denmark,Social democracy
1450,JuBe,June Movement,Denmark,Special issue
590,KF,Conservatives,Denmark,Conservative
1331,KrF,Christian People's Party,Denmark,Christian democracy
1478,LC,Liberal Centre,Denmark,Liberal
2430,MV,Moderate Liberals ,Denmark,Liberal
376,NLA,New-Liberal Alliance,Denmark,Liberal
2431,NS,National Cooperation ,Denmark,Conservative
1606,RF,Justice Party,Denmark,Liberal
211,RV,Danish Social Liberal Party,Denmark,Liberal
1644,SF,Socialist Peoples Party,Denmark,Green/Ecologist
812,SP,Schleswig Party,Denmark,Special issue
1892,Sbf,Union Party (Faroe Islands),Denmark,Conservative
1629,Sd,Social Democrats,Denmark,Social democracy
74,Si,Forward (Greenland),Denmark,Social democracy
2568,T,Republic (Faroe Islands),Denmark,Communist/Socialist
1605,V,Liberal Party,Denmark,Liberal
189,VS,Left Socialists,Denmark,Communist/Socialist
2576,etc,others,Denmark,no family
2058,no-seat,no seat,Denmark,no family
1128,none,no party affiliation,Denmark,no family
411,AIC,Canary Islands Group,Spain,Special issue
645,AP-P,People's Alliance-Party,Spain,Conservative
73,ARM,Ruiz-Mateos List,Spain,Special issue
520,BNG,Galician Nationalist Block,Spain,Special issue
385,Bai,Yes,Spain,Special issue
2172,C-NE,European-Nationalist Coalition,Spain,Special issue
2375,C-PC,Citizens -- Party of the Citizenry,Spain,Liberal
1367,CA,Aragonese Council,Spain,Special issue
234,CC,Canary Coalition,Spain,Special issue
2605,CDC,Democratic Convergence of Catalonia,Spain,Conservative
637,CDS,Democratic and Social Centre,Spain,Christian democracy
771,CEP,For the Europe of the Peoples,Spain,Special issue
2325,CV,Confederation of the Greens,Spain,Green/Ecologist
894,CiU,Convergence and Union,Spain,Conservative
2607,C|AV,Compromise | A la valenciana,Spain,Communist/Socialist
845,EA,Basque Solidarity,Spain,Special issue
2606,ECP,In Common We Can,Spain,Communist/Socialist
2084,EDC,Electoral Coalition of Christian Democratic Team,Spain,Christian democracy
1026,EE,Basque Left,Spain,Communist/Socialist
2603,EHB,Basque Country Unite,Spain,Special issue
2604,EM,In Tide,Spain,Communist/Socialist
1657,EP-V,Europe of the People -- The Greens,Spain,Green/Ecologist
757,ERC,Republican Left of Catalonia,Spain,Special issue
1976,EU,United Extremadura,Spain,Special issue
1317,HB,United People,Spain,Special issue
2330,ICV,Initiative for Catalonia Greens,Spain,Green/Ecologist
681,II-SP,Internationalist Initiative -- Solidarity between Peoples,Spain,Special issue
121,IP,Left of the Peoples,Spain,Special issue
2301,LVE,Greens Ecologists,Spain,Green/Ecologist
2376,P,We Can,Spain,Communist/Socialist
370,PA,Andalusian Party,Spain,Social democracy
2381,PACMA,Animalist Party Against Mistreatment to Animals,Spain,Special issue
1221,PAR,Aragonese Regionalist Party,Spain,Special issue
118,PCE|IU,Communist Party | United Left,Spain,Communist/Socialist
1224,PDP,Popular Democratic Party,Spain,Liberal
424,PL,Liberal Party,Spain,Liberal
1361,PNV,Basque Nationalist Party,Spain,Christian democracy
1974,PSC-PSOE,Socialists' Party of Catalonia,Spain,Social democracy
902,PSOE,Spanish Socialist Workers Party,Spain,Social democracy
1790,PSP,People's Socialist Party,Spain,Communist/Socialist
2227,PTE,Party of Labour of Spain,Spain,Communist/Socialist
2028,PTE-UC,Workers' Party of Spain -- Communist Unity,Spain,Communist/Socialist
135,UCD,Union of the Democratic Centre,Spain,Liberal
62,UCDCC,Union of Centre and Christian Democracy of Catalonia,Spain,Christian democracy
1407,UN,National Union,Spain,Right-wing
551,UPyD,"Union, Progress and Democracy",Spain,Liberal
443,UV,Valencian Union,Spain,Special issue
2380,Vox,Voice,Spain,Liberal
1377,etc,others,Spain,no family
2056,no-seat,no seat,Spain,no family
1166,none,no party affiliation,Spain,no family
2294,one-seat,one seat,Spain,no family
490,todo,to be coded,Spain,no family
1516,EEE,Estonian Entrepreneur Party,Estonia,Liberal
219,EER,Estonian Greens,Estonia,Green/Ecologist
2631,EER-91,Estonian Greens -- 1991,Estonia,Green/Ecologist
1137,EK,Estonian Centre Party,Estonia,Social democracy
609,EKD,Estonian Christian Democrats,Estonia,Christian democracy
486,EKK,Estonian Coalition Party,Estonia,Liberal
1064,EKo,Estonian Citizens,Estonia,Right-wing
2403,EM,Estonian Country Union,Estonia,Agrarian
1257,EMK,Estonian Rural Centre Party,Estonia,Agrarian
1792,EPL,Estonian Pensioners' Union,Estonia,Special issue
2402,EPPE,Estonian Party of Pensioners and Families,Estonia,Agrarian
428,ERP,Res Publica Party,Estonia,Conservative
552,ERSP,Estonian National Independence Party,Estonia,Conservative
417,ERa,People's Union of Estonia,Estonia,Conservative
113,ERe,Estonian Reform Party,Estonia,Liberal
2267,ESE-D,Estonian Blue Party -- Democrats,Estonia,Liberal
1796,ETE,Estonian Farmers Party,Estonia,Agrarian
2409,EV,Free Party,Estonia,Conservative
2416,EVP,Estonian Left Party,Estonia,Communist/Socialist
846,I,Pro Patria Union,Estonia,Conservative
2031,I-DK,Independent -- Dimitri Klenski,Estonia,no family
2029,I-IT,Independent -- Indrek Tarand,Estonia,no family
2030,I-MH,Independent -- Martin Helme,Estonia,no family
2345,I-SM,Independent -- Silver Meikar,Estonia,no family
2344,I-TT,Independent -- Tanel Talve,Estonia,no family
1597,IRL,Union of Pro Patria and Res Publica,Estonia,Conservative
1590,K-EUR,Constitution Party -- Estonian United People's Party,Estonia,Social democracy
1553,PK,Union of Farmers,Estonia,Agrarian
450,R,Popular Front,Estonia,Social democracy
243,RKI,"National Coalition Party ""Pro Patria""",Estonia,Conservative
1448,SDE|M,Social Democratic Party | Moderates,Estonia,Social democracy
25,SK,Independent Royalists,Estonia,Special issue
1794,TEE,Future Estonia | Independence,Estonia,Right-wing
2266,VEE,Russian Party in Estonia,Estonia,Conservative
1395,VKR,People's Party of Republicans and Conservatives,Estonia,Conservative
426,none,no party affiliation,Estonia,no family
1439,todo,to be coded,Estonia,no family
66,AS,Aland Coalition,Finland,Special issue
1292,DL|VAS,Democratic Union | Left Alliance,Finland,Communist/Socialist
229,Deva,Democratic Alternative,Finland,Communist/Socialist
1105,Eko,Ecological Party,Finland,Green/Ecologist
957,IK,Patriotic People's Movement,Finland,Conservative
1463,KD,Christian Democrats,Finland,Christian democracy
94,KESK,Centre Party,Finland,Agrarian
1219,KE|SLK,National Progressive Party | [Finnish] Liberal People's Party,Finland,Liberal
1118,KOK,National Coalition Party,Finland,Conservative
2292,Ka,People's Party,Finland,Agrarian
1009,NSP,Young Finns,Finland,Liberal
2293,PMP,Party of Smallholders and Rural People,Finland,Agrarian
1389,POP,Constitutional People's Party,Finland,Conservative
2412,Pi,Pirate Party Finland,Finland,Special issue
585,RKP-SFP,Swedish People's Party,Finland,Liberal
638,Rt,Reform Group,Finland,Special issue
1576,SEP,Finnish Pensioners Party,Finland,Special issue
806,SKP-Y,Communist  Party of Finland (Unity),Finland,Communist/Socialist
139,SKYP,Finnish People's Unity Party,Finland,Conservative
2433,SKrTL,Christian Workers' Union of Finland,Finland,Social democracy
2434,SP-V,Finnish Party -- Old Finns,Finland,Conservative
920,SPP,Finnish Small Farmers' Party,Finland,Agrarian
200,SP|P,Finnish Party | True Finns,Finland,Agrarian
395,SSDP,Social Democratic Party of Finland,Finland,Social democracy
1565,SV,Swedish Left,Finland,Communist/Socialist
1108,TPSL,Social Democratic League of Workers and Smallholders,Finland,Social democracy
2645,UV,New Alternative,Finland,Right-wing
1649,VEU,Anti-EU Movement,Finland,Special issue
1062,VIHR,Green League,Finland,Green/Ecologist
1109,VL,Liberal League,Finland,Liberal
979,VSL,League for Free Finland,Finland,Special issue
2054,no-seat,no seat,Finland,no family
1119,none,no party affiliation,Finland,no family
2413,one-seat,one seat,Finland,no family
2078,AC,Centrist Alliance,France,Liberal
2593,ALP,Liberal People's Action,France,Christian democracy
2400,AO,Alliance of the Overseas,France,Communist/Socialist
2358,ARS,Republican and Social Action,France,Conservative
2589,C,Conservatives,France,Conservative
1491,CD,Democratic Centre,France,Christian democracy
885,CDP,Centre Democracy and Progress,France,Christian democracy
2265,CDS,Centre of Social Democrats,France,Christian democracy
1414,CNIP,National Centre of Independents and Peasants [Conservatives],France,Conservative
259,CPNT,"Hunting, Fishing, Nature, Tradition",France,Agrarian
2250,CeD,Centre Right,France,Conservative
2251,CeG,Centre Left,France,Social democracy
2399,DLR|DLF,Arise the Republic | France Arise,France,Conservative
2644,FI,Unbowed France,France,Communist/Socialist
270,FN,National Front,France,Right-wing
1094,G,Gaullists,France,Conservative
2272,GDR,Democratic and Republican Left,France,Communist/Socialist
650,GE,Ecology Generation,France,Green/Ecologist
2277,IOM,Overseas Independents,France,Special issue
59,IR|DL,Independent Republicans | Liberal Democracy,France,Conservative
442,LCR,Revolutionary Communist League,France,Communist/Socialist
1176,LO,Workers' Struggle,France,Communist/Socialist
2143,MDC,Citizens' Movement,France,Communist/Socialist
1101,MF,Movement for France,France,Conservative
2077,MIM,Martinican Independence Movement,France,Special issue
1263,MNR,National Republican Movement,France,Right-wing
2260,MP,Party of Presidential Majority,France,Communist/Socialist
213,MR,Reformers Movement,France,Christian democracy
1086,MRP,Popular Republican Movement,France,Christian democracy
1058,NC,New Centre,France,Liberal
686,PCF,French Communist Party,France,Communist/Socialist
2583,PDP,Popular Democratic Party,France,Christian democracy
670,PFN,Party of New Forces,France,Right-wing
401,PR,Radical Socialist Party,France,Conservative
1492,PRG,Radical Party of the Left,France,Social democracy
1297,PRL,Conservatives,France,Conservative
1539,PS,Socialist Party,France,Social democracy
2617,PSF,French Socialist Party,France,Social democracy
516,PSU,Unified Socialist Party,France,Communist/Socialist
2618,PSdF,Socialist Party of France -- Jean Jaures Union,France,Social democracy
2584,PUP, Proletarian Unity Party,France,Communist/Socialist
2271,RCV,Radical-Socialist Party -- Citizens' Movement -- Greens,France,Communist/Socialist
2276,RDA,African Democratic Rally,France,Communist/Socialist
2643,REM,The Republic Onwards!,France,Liberal
890,RGR,Rally of Republican Lefts,France,Conservative
2585,RI,Independent Radicals,France,Conservative
2586,RP,Progressive Republicans,France,Conservative
2252,RPF,Rally for France,France,Conservative
138,RPR,Rally for the Republic,France,Conservative
2264,RPR+UDF,RPR/UDF connected list,France,Conservative
2594,RS,Republican Socialist Party,France,Social democracy
2592,Rep,Republicans,France,Liberal
2587,RepG,Left Republican ,France,Liberal
2590,SI,Independent Socialists,France,Communist/Socialist
2279,TPA,Three Parties Alliance -- Third Force,France,Social democracy
2284,U5R,Union for the fifth republic,France,Conservative
898,UDCA,Union for the Defence of Traders and Artisans -- Poujadists,France,Conservative
509,UDF|MD,Union for French Democracy | Democratic Movement,France,Conservative
2273,UDI,Union of Democrats and Independents,France,Conservative
2280,UDSR,Democratic and Socialist Union of the Resistance,France,Social democracy
2269,UFD,Union of Democratic Forces,France,Social democracy
658,UMP|LR,Union for a Popular Movement | The Republicans,France,Conservative
2581,UR,Republican Union,France,Right-wing
873,V,Greens,France,Green/Ecologist
285,droite,other right,France,Conservative
2249,eco,other ecologists,France,Green/Ecologist
1328,etc,others,France,no family
2079,ex-dro,other far-right,France,Right-wing
2083,ex-gau,other far-left,France,Communist/Socialist
177,gauche,other left,France,Social democracy
2080,no-seat,no seat,France,no family
947,none,no party affiliation,France,no family
824,todo,to be coded,France,no family
1250,BNP,British National Party,United Kingdom,Right-wing
2514,C,Constitutionalist,United Kingdom,Conservative
1496,CNL,Conservatives and National Liberals,United Kingdom,Conservative
2063,CP,The Christian Party -- Christian Peoples Alliance in England,United Kingdom,Christian democracy
1276,CPGB,Communist Party of Great Britain,United Kingdom,Communist/Socialist
2500,CoCon,Coalition Conservative,United Kingdom,Conservative
2508,CoLab,Coalition Labour,United Kingdom,Social democracy
2501,CoLib,Coalition Liberal,United Kingdom,Liberal
773,Con,Conservatives,United Kingdom,Conservative
319,DUP,Democratic Unionist Party,United Kingdom,Conservative
2062,ED,English Democrats,United Kingdom,Special issue
2061,EuCon,Pro-Euro Conservative Party,United Kingdom,Conservative
467,GP,Green Party,United Kingdom,Green/Ecologist
2387,IE,An Independence from Europe,United Kingdom,Right-wing
2517,IL,Independent Liberal,United Kingdom,Liberal
1205,ILP,Independent Labour Party,United Kingdom,Communist/Socialist
1556,Lab,Labour,United Kingdom,Social democracy
659,Lib,Liberals,United Kingdom,Liberal
332,N,Nationalist Party,United Kingdom,Social democracy
2503,NDP,National Democratic and Labour Party ,United Kingdom,Right-wing
1126,NF,National Front,United Kingdom,Right-wing
2479,NLO,National Labour Organisation,United Kingdom,Social democracy
1017,NLP,National Liberal Party,United Kingdom,Liberal
2147,NO2EU,NO2EU -- Yes to Democracy,United Kingdom,Communist/Socialist
2504,NP,National Party,United Kingdom,Right-wing
2518,Na,National,United Kingdom,Conservative
639,Nat,Nationals,United Kingdom,to be coded
311,Plaid,Plaid Cymru,United Kingdom,Special issue
1057,R,Respect -- The Unity Coalition,United Kingdom,to be coded
2103,RP,Referendum Party,United Kingdom,Special issue
1092,RepLP,Republican Labour Party,United Kingdom,to be coded
1023,SDLP,Social Democratic and Labour Party,United Kingdom,Social democracy
1547,SDP,Social Democratic Party,United Kingdom,Social democracy
689,SF,Sinn Fein,United Kingdom,Communist/Socialist
2064,SLP,Socialist Labour Party,United Kingdom,Communist/Socialist
1284,SNP,Scottish National Party,United Kingdom,Social democracy
349,U,Unity,United Kingdom,Special issue
1272,UKIP,United Kingdom Independence Party,United Kingdom,Right-wing
1566,UPUP,Ulster Popular Unionist Party,United Kingdom,to be coded
1210,UUP,Ulster Unionist Party,United Kingdom,Conservative
1363,UUUC,United Ulster Unionist Coalition,United Kingdom,to be coded
646,VUPP,Vanguard Unionist Progressive Party,United Kingdom,Right-wing
453,etc,others,United Kingdom,no family
2562,no-seat,no seat,United Kingdom,no family
1599,none,no party affiliation,United Kingdom,no family
2296,one-seat,one seat,United Kingdom,no family
2097,AASA,Front of the Greek Anticapitalist Left,Greece,Communist/Socialist
2091,AE,Independent Greeks,Greece,Right-wing
2124,CD,Christian Democracy,Greece,Christian democracy
2096,D-FS,Action -- Liberal Alliance,Greece,Liberal
1374,DIANA,Democratic Renewal,Greece,Conservative
720,DIKKI,Democratic Social Movement,Greece,Social democracy
2093,DIMAR,Democratic Left,Greece,Social democracy
2094,DISY,Democratic Alliance,Greece,Liberal
2095,DX,Recreate Greece,Greece,Conservative
597,EDA,United Democratic Left,Greece,Communist/Socialist
2230,EDE,National Democratic Union,Greece,Right-wing
489,EDIK,Union of the Democratic Centre,Greece,Liberal
2164,EDOK,Greek Democratic Ecological Movement,Greece,Green/Ecologist
2347,EEP,Greek European Citizens,Greece,Liberal
2165,EK,Union of Centrists,Greece,Social democracy
1027,EP,National Alignment,Greece,Conservative
1162,EPEN,National Political Union,Greece,Right-wing
2348,EPL,Union for the Homeland and the People,Greece,Conservative
1059,Emp,Independent Muslim Lists,Greece,Special issue
252,KDS,Party of Democratic Socialism,Greece,Social democracy
1311,KEE(I),Communist Party of Greece (Interior),Greece,Communist/Socialist
2167,KEK,Party of Greek Hunters,Greece,Conservative
2125,KF,Liberal Party,Greece,Liberal
2407,KIDISO,Movement of Democratic Socialists,Greece,Social democracy
614,KKE,Communist Party of Greece,Greece,Communist/Socialist
463,KN,Party of New Liberals,Greece,Liberal
2123,KP,Progressive Party,Greece,Conservative
1179,LAOS,Popular Orthodox Rally,Greece,Right-wing
2596,LE,Popular Unity,Greece,Communist/Socialist
2092,LS-CA,Peoples Association -- Golden Dawn,Greece,Right-wing
47,ND,New Democracy,Greece,Christian democracy
2163,OE,Alternative Ecologists,Greece,Green/Ecologist
2166,OF,The Liberals,Greece,Liberal
1280,OP,Ecologist Greens,Greece,Green/Ecologist
1338,PASOK,Panhellenic Socialist Movement,Greece,Social democracy
2169,PMM,Panhellenic Macedonian Front,Greece,Special issue
1412,POLAN,Political Spring,Greece,Conservative
1441,SYN,Coalition of the Left,Greece,Communist/Socialist
1592,SYRIZA,Coalition of the Radical Left,Greece,Communist/Socialist
2346,TP,The River,Greece,Social democracy
2408,Tel,Dot -- Apostolos Gkletsos,Greece,Social democracy
2168,no-seat,no seat,Greece,no family
1358,none,no party affiliation,Greece,no family
2186,AM,Youth Action,Croatia,Green/Ecologist
2182,CL-LP,Croatian Labourists -- Labour Party,Croatia,Communist/Socialist
1081,DC,Democratic Centre,Croatia,Liberal
316,HB,Croatian Bloc,Croatia,Right-wing
2198,HDSS,Croatian Democratic Peasant Party,Croatia,Agrarian
2135,HDSSB,Croatian Democratic Alliance of Slavonia and Baranja,Croatia,Right-wing
276,HDZ,Croatian Democratic Union,Croatia,Christian democracy
2193,HGS,Croatian Civic Party,Croatia,Right-wing
1384,HNS,Croatian People's Party -- Liberal Democrats,Croatia,Liberal
2203,HPS,Croatian People's Party,Croatia,Conservative
1102,HSLS,Croatian Social Liberal Party,Croatia,Liberal
2202,HSNS,Croatian Peasant's People's Party,Croatia,Agrarian
1044,HSP,Croatian Party of Rights,Croatia,Right-wing
2199,HSP-1861,Croatian Party of Right of 1861,Croatia,Right-wing
2181,HSP-AS,Croatian Party of Rights -- Dr. Ante Starcevic,Croatia,Right-wing
1465,HSS,Croatian Peasant Party,Croatia,Agrarian
2134,HSU,Croatian Party of Pensioners,Croatia,Special issue
2185,Hrast,Croatian Growth,Croatia,Christian democracy
2195,I-IG,Independent List -- PhD Ivan Grubisic,Croatia,no family
1627,IDS,Istrian Democratic Assembly,Croatia,Liberal
90,LIBRA,Party of Liberal Democrats,Croatia,Liberal
1457,LS,Liberal Party,Croatia,Liberal
2628,MB,Milan Bandic 365 -- The Party of Labour and Solidarity,Croatia,Social democracy
2615,Most,Bridge of Independent Lists,Croatia,Conservative
2614,NS,People's Party -- Reformists ,Croatia,Liberal
2382,ORaH,Sustainable Development of Croatia,Croatia,Green/Ecologist
2196,PGS,Alliance of Primorje-Gorski,Croatia,Special issue
2190,Pi,Pirate Party Croatia,Croatia,Special issue
2270,SDA,Party of Democratic Action of Croatia,Croatia,Conservative
2133,SDSS, Independent Democratic Serb Party,Croatia,Social democracy
1493,SPH,Social Democratic Party of Croatia,Croatia,Social democracy
2187,SU,Pensioners' Party,Croatia,Special issue
2610,ZDS,Democratic Party of Zagorje,Croatia,Right-wing
2188,ZZ,Greens Together,Croatia,Green/Ecologist
2612,ZiZi,Human Shield ,Croatia,Right-wing
2191,abroad,abroad,Croatia,no family
2192,ethnic,ethnic,Croatia,no family
2197,none,no party affiliation,Croatia,no family
2295,one-seat,one seat,Croatia,no family
1183,ASZ,Agrarian Alliance,Hungary,Agrarian
1970,DK,Democratic Coalition,Hungary,Social democracy
2318,Egyutt,Together -- Party for a New Era,Hungary,Social democracy
870,FKgP,Independent Small Holders Party,Hungary,Conservative
437,Fi+KDNP,Fidesz -- Hungarian Civic Party / Christian Democratic People's Party,Hungary,Conservative
921,Fi-MPSz,Fidesz -- Hungarian Civic Union,Hungary,Conservative
198,HVK,Patriotic Elections Coalition,Hungary,to be coded
600,Jobbik,Jobbik Movement for a Better Hungary,Hungary,Right-wing
434,KDNP,Christian Democratic People's Party,Hungary,Christian democracy
2588,KP,Republican Party,Hungary,to be coded
403,LMP,Politics Can Be Different,Hungary,Green/Ecologist
546,MDF,Hungarian Democratic Forum,Hungary,Conservative
95,MIEP,Hungarian Justice and Life Party,Hungary,Right-wing
1202,MMP,Hungarian Workers' Party,Hungary,Communist/Socialist
1591,MSZP,Hungarian Socialist Party,Hungary,Social democracy
418,MSzDP,Social Democratic Party,Hungary,Communist/Socialist
2349,PM,Dialogue for Hungary,Hungary,Green/Ecologist
1426,SzDSz,Alliance of Free Democrats,Hungary,Liberal
1203,VP,Entrepreneurs' Party,Hungary,Liberal
2350,no-seat,no seat,Hungary,no family
1617,none,no party affiliation,Hungary,no family
952,one-seat,one seat,Hungary,no family
826,todo,to be coded,Hungary,no family
2523,BP,Business and Professional Group,Ireland,Liberal
2447,CG,Society of the Gaels,Ireland,Conservative
2525,CPA,Cork Progressive Association,Ireland,Conservative
92,CnP,Republican Party,Ireland,Conservative
923,CnT,Party of the Land,Ireland,Agrarian
2371,DDI,Direct Democracy Ireland,Ireland,Special issue
1580,DLP,Democratic Left,Ireland,Communist/Socialist
2619,DS,Social Democrats ,Ireland,Social democracy
379,DSP,Democratic Socialist Party,Ireland,Social democracy
280,FF,Fianna Fail,Ireland,Conservative
1393,FG,Fine Gael (Familiy of the Irish),Ireland,Christian democracy
2563,FP,Farmers' Party,Ireland,Agrarian
1573,Green,Green Party,Ireland,Green/Ecologist
1323,H-B,Anti H-Block,Ireland,Special issue
2369,I-LF,Independent -- Luke Flanagan,Ireland,no family
2329,I-MH,Independent -- Marian Harkin,Ireland,no family
2370,I-NC,Independent -- Nessa Childers,Ireland,Social democracy
2328,I-PC,Independent -- Pat Cox,Ireland,Liberal
2327,I-TJM,Independent -- Thomas (TJ) Maher,Ireland,no family
2622,IA,Independent Alliance,Ireland,no family
2621,IC,Independents 4 Change,Ireland,no family
2326,IFF,Independent Fianna Fail,Ireland,Conservative
2526,IWL,Irish Worker League,Ireland,Communist/Socialist
318,Lab,Labour Party,Ireland,Social democracy
1199,Lib,Libertas Ireland,Ireland,Conservative
2442,NCP,National Centre Party,Ireland,Conservative
156,NL,National Labour Party,Ireland,Social democracy
2443,NLP,National League Party,Ireland,Conservative
2218,NP,National Party,Ireland,Conservative
523,NPD,National Progressive Democrats,Ireland,Communist/Socialist
1804,PBPA,People Before Profit Alliance,Ireland,Communist/Socialist
651,PD,Progressive Democrats,Ireland,Liberal
2620,RI,Renua Ireland,Ireland,Conservative
2217,SF,Sinn Fein,Ireland,Communist/Socialist
433,SFWP,Sinn Fein The Workers' Party,Ireland,Communist/Socialist
1014,SP,Socialist Party,Ireland,Communist/Socialist
2216,no-seat,no seat,Ireland,no family
30,none,no party affiliation,Ireland,no family
2298,one-seat,one seat,Ireland,no family
228,A,Social Democratic Party,Iceland,Social democracy
1360,Ab,People's Alliance,Iceland,Communist/Socialist
587,B-H,Civic Movement -- The Movement,Iceland,Liberal
2204,BF,Bright Future,Iceland,Liberal
988,BJ,Alliance of Social Democrats ,Iceland,Social democracy
2439,Ba,Farmers' Party,Iceland,Agrarian
828,Bf-87,Citizens' Party -- 1987,Iceland,Conservative
2206,Dawn,"Dawn -- Organization of justice, fairness and democracy",Iceland,Special issue
1455,F,Progressive Party,Iceland,Agrarian
2441,FF,Liberal Party ,Iceland,Liberal
2207,FH,Households Party,Iceland,Special issue
2598,FM,Humanist Party,Iceland,Communist/Socialist
2111,Fb,Candidature Party,Iceland,Special issue
506,Ff,Liberal Party,Iceland,Liberal
2632,FlF,People's Party,Iceland,Communist/Socialist
2114,Fr,Liberals,Iceland,Liberal
210,Graen,Left-Green Movement,Iceland,Green/Ecologist
2209,HG,RIght-Green People's Party,Iceland,Liberal
2440,He,Home Rule Party ,Iceland,Liberal
2208,IDP,Iceland Democratic Party,Iceland,Green/Ecologist
2115,IL,Icelandic Movement -- Living Country,Iceland,Green/Ecologist
147,KL,Women's Alliance,Iceland,Green/Ecologist
2437,Komm,Communist Party,Iceland,Communist/Socialist
2005,Lve,Republican Party,Iceland,Conservative
2655,M,Centre Party,Iceland,no family
2314,MJ,Debating Society of Social Democrats,Iceland,Social democracy
1800,OL,Independent Democratic Party,Iceland,Social democracy
2205,Pi,Pirate Party,Iceland,Green/Ecologist
2210,Rebo,Rainbow,Iceland,Communist/Socialist
1319,SA-S,United Socialist Party,Iceland,Communist/Socialist
1006,Sam,Social Democratic Alliance,Iceland,Social democracy
53,Sfvm,Union of Liberals and Leftist,Iceland,Communist/Socialist
1342,Sj,Independence Party,Iceland,Conservative
2561,Sj-07,Independence Party -- 1907,Iceland,Conservative
817,Sjf,Association for Equality and Justice,Iceland,Agrarian
205,Th-Ff,People's Movement,Iceland,Social democracy
2116,Thod,National Party,Iceland,Agrarian
1172,Thva,National Preservation Party,Iceland,Liberal
2004,Thve,Common Wealth Party,Iceland,Conservative
2633,V,Revival,Iceland,Conservative
2112,no-seat,no seat,Iceland,no family
134,none,no party affiliation,Iceland,no family
896,AD,Democratic Alliance,Italy,Christian democracy
927,AIE,Associative Italians Abroad,Italy,Special issue
1063,ALD,Autonomy Liberty Democracy,Italy,Liberal
373,AN,National Alliance,Italy,Conservative
323,ASM,Social Alternative Mussolini,Italy,Right-wing
1713,BN,National Bloc,Italy,Right-wing
99,CCD,Christian Democratic Centre,Italy,Christian democracy
627,CCD+CDU,Christian Democratic Centre / United Christian Democrats,Italy,Christian democracy
2153,CD, Democratic Centre,Italy,Liberal
2044,CDR,Republican Democratic Concentration,Italy,Liberal
128,CDU,United Christian Democrats,Italy,Christian democracy
1431,CS,Social Christians,Italy,Christian democracy
67,CeD,Centre Right,Italy,Conservative
1048,CeS,Centre Left,Italy,Social democracy
1633,DC,Christian Democrats,Italy,Christian democracy
52,DCA,Christian Democracy for the Autonomies,Italy,Christian democracy
488,DE,European Democracy,Italy,Christian democracy
350,DINI-RI,Dini List -- Italian Renewal,Italy,Liberal
1005,DL-M,Democracy is Freedom -- The Daisy,Italy,Liberal
1424,DP,Proletarian Democracy,Italy,Communist/Socialist
809,DS,Democrats of the Left,Italy,Social democracy
596,FI-PdL,Go Italy -- The People of Freedom,Italy,Conservative
1477,FLI,Future and Freedom for Italy,Italy,Conservative
409,FUQ,Front of the Ordinary Man,Italy,Conservative
2154,FdI-CN,Brothers of Italy -- National Centre-right,Italy,Conservative
1304,FdLV,Green Lists,Italy,Green/Ecologist
910,FdV,Federation of the Greens,Italy,Green/Ecologist
473,Fed,Federalism,Italy,Special issue
2158,FiD,Stop the Decline,Italy,Liberal
961,ID,Democracy,Italy,Christian democracy
693,IdV,Italy of Values,Italy,Liberal
712,LA,Anticapitalist List,Italy,Communist/Socialist
436,LAM,Southern Action League,Italy,Right-wing
906,LD,Liberal Democrats,Italy,Liberal
1560,LL,Lombard League,Italy,Special issue
1436,LN,North League,Italy,Right-wing
55,LT,List for Trieste,Italy,Social democracy
1246,LUP,The Union-Prodi,Italy,Social democracy
1080,LV,Venetian League,Italy,Special issue
2155,M5S,Five Star Movement,Italy,Green/Ecologist
1028,MIS,Movement for the Independence of Sicily,Italy,Special issue
760,MRE,European Republicans Movement,Italy,Liberal
176,MSFT,Fiamma Tricolore,Italy,Right-wing
831,MSI,Italian Social Movement,Italy,Right-wing
1040,MpA,Movement for Autonomy,Italy,Christian democracy
2268,NCD,New Centre-Right,Italy,Conservative
1287,NPSI,New PSI,Italy,Social democracy
1330,PAz,Action Party,Italy,Communist/Socialist
2001,PC,Prime minister,Italy,no family
1088,PCI,Communist Party,Italy,Communist/Socialist
382,PD,Democratic Party,Italy,Social democracy
1702,PDIUM,Italian Democratic Party of Monarchist Unity,Italy,Conservative
671,PLD,Liberal Democratic Pole,Italy,Liberal
487,PLI,Italian Liberal Party,Italy,Liberal
421,PMP,Popular Monarchist Party,Italy,Conservative
1050,PNM,Monarchist National Party,Italy,Right-wing
613,PNP,National Pensioners' Party,Italy,Special issue
502,PP,Pensioners' Party,Italy,Special issue
142,PPI,Italian People's Party,Italy,Christian democracy
1321,PRC,Communist Refoundation Party,Italy,Communist/Socialist
93,PRI,Republican Party,Italy,Liberal
827,PS,Segni Pact,Italy,Christian democracy
335,PSA,Sardinian Action Party,Italy,Social democracy
242,PSDI,Italian Democratic Socialist Party,Italy,Social democracy
1475,PSI,Italian Socialist Party,Italy,Social democracy
1593,PSIUP,Socialist Party of Proletarian Unity,Italy,Communist/Socialist
618,PaCoI,Agrarian Party,Italy,Agrarian
1528,PdA,Pole of Autonomy,Italy,Special issue
1661,PdCI,Party of the Italian Communists,Italy,Communist/Socialist
968,PdUP,Proletarian Unity Party,Italy,Communist/Socialist
840,PpP,Popular Party for Prodi,Italy,Christian democracy
1278,P|SDI,Italian Democratic Socialists | Party,Italy,Social democracy
1296,R,Radicals,Italy,Social democracy
2157,RC,Civil Revolution,Italy,Communist/Socialist
366,Rete,Movement for Democracy -- The Net,Italy,Christian democracy
630,RiI,Italian Renewal,Italy,Social democracy
2156,SC,Civic Choice,Italy,Liberal
465,SL,Left (Ecology) Freedom,Italy,Communist/Socialist
1030,SVP,South Tyrol Peoples Party,Italy,Special issue
226,UC,Union / Centre,Italy,Christian democracy
475,UD,Democratic Union,Italy,Liberal
399,UDEUR,Union of Democrats for Europe,Italy,Christian democracy
1714,UDN,National Democratic Union,Italy,Conservative
1145,UDR,Union of republican democrats,Italy,Christian democracy
974,UV,Valdotanian Union,Italy,Special issue
397,UdCe,Democratic Union of the Centre,Italy,Liberal
325,VA,Rainbow Greens,Italy,Green/Ecologist
825,etc,others,Italy,no family
2059,no-seat,no seat,Italy,no family
1552,none,no party affiliation,Italy,no family
2302,one-seat,one seat,Italy,no family
1383,todo,to be coded,Italy,no family
2121,DK,The Way of Courage,Lithuania,Special issue
581,DP,Labour Party,Lithuania,Liberal
383,JL,Young Lithuania,Lithuania,Right-wing
493,KDS,Christian Democratic Union,Lithuania,Christian democracy
709,KKSS,Christian Conservative Social Union,Lithuania,Christian democracy
2635,LCP,Lithuanian Centre Party,Lithuania,Right-wing
887,LCS,Centre Union of Lithuania,Lithuania,Liberal
519,LDDP,Democratic Labour Party of Lithuania,Lithuania,Social democracy
1144,LDP,Lithuanian Democratic Party,Lithuania,Liberal
675,LKDP,Lithuanian Christian Democrats,Lithuania,Christian democracy
1446,LKP,Communist Party of Lithuania,Lithuania,Communist/Socialist
1782,LLL,Lithuanian Liberty League,Lithuania,Special issue
28,LLRA,Election Action of Lithuania's Poles,Lithuania,Special issue
2634,LLS,Lithuanian Freedom Union (Liberals),Lithuania,Liberal
1562,LLaS,Lithuanian Liberty Union,Lithuania,Right-wing
378,LLiS,Liberal Union of Lithuania,Lithuania,Liberal
1261,LMP-NDP,Lithuanian Womens Party -- New Democratic Party,Lithuania,Social democracy
1447,LPKTS,Union of Lithuanian Political Prisoners and Deportees,Lithuania,Special issue
482,LRLS,Liberals Movement of the Republic of Lithuania,Lithuania,Liberal
863,LRS,Lithuanian Russian Union,Lithuania,Special issue
1277,LSDP,Lithuanian Social Democratic Party,Lithuania,Social democracy
1408,LSDP-89,Lithuanian Social Democratic Party -- 1989,Lithuania,Social democracy
2036,LTMA,Alliance of the Lithuanian National Minorities,Lithuania,Special issue
432,LTS,Lithuanian National Union List,Lithuania,Right-wing
2037,LUP,Lithuanian Party of Economy,Lithuania,to be coded
191,LVLS,Lithuanian Peasant Union,Lithuania,Agrarian
1632,LVP,Lithuanian Peasant Party,Lithuania,Agrarian
21,LZP,Lithuanian Green Party,Lithuania,Green/Ecologist
983,LiCS,Liberal and Centre Union,Lithuania,Liberal
2007,LiCS-TPP,United Faction of the Liberal and Centre Union and Nations Resurrection Party,Lithuania,Conservative
856,NS,New Union (Social Liberals),Lithuania,Liberal
676,PDP,Civic Democratic Party,Lithuania,Liberal
1056,SPF,Socialist People's Front,Lithuania,Communist/Socialist
2122,TAIP,YES -- Homeland Revival and Perspective,Lithuania,Liberal
1783,TPJ,National Progress Movement,Lithuania,to be coded
1502,TPP,National Resurrection Party,Lithuania,Liberal
1045,TS-LK,Homeland Union,Lithuania,Conservative
1623,TSKP,Lithuanian Communist Party on the CPSU Platform,Lithuania,Communist/Socialist
1421,TT-LDP,Order and Justice -- Liberal Democratic Party,Lithuania,Conservative
2026,Tpp,Party of National Progress,Lithuania,Right-wing
2039,UTL,"Peoples Union ""For Just Lithuania""",Lithuania,to be coded
2025,Zp,Samogitian Party,Lithuania,Special issue
2636,no-seat,no seat,Lithuania,no family
58,none,no party affiliation,Lithuania,no family
652,one-seat,one seat,Lithuania,no family
1582,AR|ADR,Action Committee Pensions | Alternative Democratic Reform Party,Luxembourg,Conservative
1130,Bl,Citizens' List,Luxembourg,Special issue
1234,CSV,Christian Social People's Party,Luxembourg,Christian democracy
457,DL,The Left,Luxembourg,Communist/Socialist
967,DP,Democratic Party,Luxembourg,Liberal
315,GAP,Green Alternative,Luxembourg,Green/Ecologist
2027,GLA,Green and Liberal Alliance,Luxembourg,Green/Ecologist
1158,GLEI,Green Left Ecological Initiative,Luxembourg,Green/Ecologist
2146,GLS,Group for Luxembourgian Sovereignty,Luxembourg,Special issue
310,Greng,The Greens,Luxembourg,Green/Ecologist
151,KPL,Communist Party of Luxembourg,Luxembourg,Communist/Socialist
2448,LD,Democratic List ,Luxembourg,Liberal
2453,LL,Liberal League ,Luxembourg,Liberal
2449,LPCMO,"Free List of Peasants, Middle Classes and Workers ",Luxembourg,no family
701,LSAP,Luxembourg Socialist Workers' Party,Luxembourg,Social democracy
2531,LeLi,Left Liberals,Luxembourg,Liberal
1462,MPI,Popular Independent Movement,Luxembourg,Special issue
374,NB,National Movement,Luxembourg,Right-wing
2529,NIU,National Independent Union,Luxembourg,Right-wing
2538,PDPN,Progressive Democratic Party of the North,Luxembourg,Liberal
2536,PFMC,Party of Farmers and the Middle Class,Luxembourg,Agrarian
2139,PICM,Independent Party of the Middle Class 	,Luxembourg,Liberal
2257,PID,Party for Full Democracy,Luxembourg,Conservative
2452,PIE,Independents of the East,Luxembourg,no family
2140,PL ,Liberal Party,Luxembourg,Liberal
2450,PNI,Independent National Party ,Luxembourg,Right-wing
2451,PPI,Independent People's Party,Luxembourg,to be coded
2527,PR,Party of the Right,Luxembourg,Right-wing
2455,PRL,Radical Liberal Party ,Luxembourg,Liberal
1339,PSI,Jean Gremling List -- Independent Socialists,Luxembourg,Social democracy
2256,Pi,Pirate Party Luxembourg,Luxembourg,Special issue
2533,RP,Radical Left/Radical Party,Luxembourg,Liberal
2535,RPMC,Radical Party (Marcel Cahen),Luxembourg,Liberal
2456,RSP,Radical Socialist Party ,Luxembourg,Liberal
1134,SDP,Social Democratic Party,Luxembourg,Social democracy
202,Z-EF,Coerced Conscripts,Luxembourg,Special issue
2149,no-seat,no seat,Luxembourg,no family
1002,none,no party affiliation,Luxembourg,no family
2290,one-seat,one seat,Luxembourg,no family
384,DCP,Democratic Centre Party,Latvia,Liberal
759,DPS,Democratic Party Saimnieks,Latvia,Liberal
1294,JD,New Democrats,Latvia,Conservative
1518,JL,New Era,Latvia,Conservative
550,JP,New Era Party,Latvia,Conservative
1351,K,Conservative Party,Latvia,Conservative
239,KDS,Christian Democratic Union,Latvia,Christian democracy
2418,KDT,Labour and Justice Coalition ,Latvia,Social democracy
928,L,Equal Rights,Latvia,Social democracy
2392,LAAT,Latvian Development,Latvia,Liberal
526,LC,Latvian Way,Latvia,Liberal
1561,LDDP,Latvian Democratic Labour Party,Latvia,Liberal
956,LG,Light of Latgale,Latvia,Special issue
1260,LKP,Communist Party of Latvia,Latvia,Communist/Socialist
1083,LKPP,Latvias Party of Russian Citizens,Latvia,Special issue
1557,LNNK,Latvian National Independence Movement,Latvia,Right-wing
1043,LPP,Latvia's First Party,Latvia,Conservative
662,LPP/LC,Latvian First Party / Latvian Way Party,Latvia,Conservative
2366,LRa,Latvian Association of Regions,Latvia,Conservative
1656,LSDSP,Latvian Social Democratic Workers' Party,Latvia,Social democracy
309,LSP,Socialist Party of Latvia,Latvia,Communist/Socialist
42,LTF,Popular Front of Latvia,Latvia,Special issue
1042,LVP,Latvian Unity Party,Latvia,Communist/Socialist
2417,LZ,Union of Latvian Farmers ,Latvia,Agrarian
1001,LZP,Latvian Green Party,Latvia,Green/Ecologist
1368,LZS,Farmers Union of Latvia,Latvia,Agrarian
500,Lib,Libertas.lv,Latvia,Conservative
1163,MPA-LNP,Political Association of the Underprivileged and Latvian Independence Party,Latvia,to be coded
521,NA/TB/LNNK,National Alliance / For Fatherland and Freedom / LNNK,Latvia,Right-wing
2365,NsL,For Latvia from the Heart,Latvia,Conservative
1520,PCTVL,For Human Rights in a United Latvia,Latvia,Social democracy
1667,PLL,For a Good Latvia,Latvia,Conservative
2393,PPA,"Political Party ""Alternative""",Latvia,Social democracy
445,PS,Civic Union,Latvia,Conservative
1942,RP,Reform Party,Latvia,Conservative
1100,S,Harmony,Latvia,Social democracy
962,SCP,Society for Other Politics,Latvia,Liberal
257,SDLP,Social Democratic Welfare Party,Latvia,Social democracy
1608,SDP,Social Democratic Party,Latvia,Social democracy
203,TB,For Fatherland and Freedom,Latvia,Right-wing
267,TKL-ZP,People's Movement for Latvia -- Siegerist Party,Latvia,Right-wing
811,TP,People's Party,Latvia,Conservative
278,TPA,Political Union of Economists,Latvia,Liberal
32,TSP,National Harmony Party,Latvia,Liberal
1666,V,Unity,Latvia,Conservative
801,VL,All For Latvia!,Latvia,Conservative
2367,ViLa,United for Latvia,Latvia,to be coded
466,ZZS,Green and Farmers' Union,Latvia,Agrarian
288,none,no party affiliation,Latvia,no family
266,todo,to be coded,Latvia,no family
360,AD,Democratic Alternative,Malta,Green/Ecologist
816,DAP,Democratic Action Party,Malta,Conservative
1298,GP,Gozo Party,Malta,Special issue
1400,IE,Imperium Europa,Malta,Right-wing
248,JP,Jones Party,Malta,Special issue
1274,MWP,Malta Workers' Party,Malta,Social democracy
393,PDN,Democratic Nationalist Party,Malta,Social democracy
1225,PHN,Christian Workers' Party,Malta,Social democracy
1033,PK,Constitutionalist Party,Malta,Liberal
217,PKP,Progressive Constitutionalist Party,Malta,Conservative
1003,PL,Malta Labour Party,Malta,Social democracy
984,PN,Nationalist Party,Malta,Conservative
2171,no-seat,no seat,Malta,no family
1572,none,no party affiliation,Malta,no family
2109,50+,50PLUS,Netherlands,Liberal
112,AOV|VSP,General Senior Union | United Seniors Party,Netherlands,Special issue
300,ARP,Anti-Revolutionary Party,Netherlands,Christian democracy
2459,BVL,League of Free Liberals,Netherlands,Liberal
1595,Bp,Farmers Party,Netherlands,Agrarian
209,CD,Centre Democrats,Netherlands,Right-wing
235,CDA,Christian Democratic Appeal,Netherlands,Christian democracy
2542,CDU,Christian Democratic Union,Netherlands,Christian democracy
405,CHU,Christian Historical Union,Netherlands,Christian democracy
275,CP,Centre Party,Netherlands,Right-wing
1194,CPN,Communist Party of the Netherlands,Netherlands,Communist/Socialist
1206,CU,ChristianUnion,Netherlands,Christian democracy
345,D66,Democrats 66,Netherlands,Liberal
2641,DENK,Think,Netherlands,Liberal
402,DS70,Democratic Socialists 70,Netherlands,Conservative
2457,EB,Economic League ,Netherlands,Liberal
339,EuTr,Europe Transparent,Netherlands,Special issue
2642,FvD,Forum for Democracy,Netherlands,Conservative
756,GL,GreenLeft,Netherlands,Green/Ecologist
625,GPV,Reformed Political League,Netherlands,Conservative
2009,Groen,The Greens,Netherlands,Green/Ecologist
2464,HGS,New Reformed State Party ,Netherlands,Christian democracy
3,KNP,Catholic National Party,Netherlands,Christian democracy
451,KVP,Catholic Peoples Party,Netherlands,Christian democracy
744,LN,Livable Netherlands,Netherlands,Right-wing
456,LPF,Fortuyn List,Netherlands,Right-wing
2461,LSP,"Liberal State Party ""The Freedom League""",Netherlands,Liberal
2462,LU,Liberal Union ,Netherlands,Liberal
87,MP,Middle Party,Netherlands,Conservative
2463,NSB,National Socialist Movement in the Netherlands,Netherlands,Right-wing
2458,PB|NBTM,"Plattelandersbond | National Farmers', Horticulturists' and Middle Class Party",Netherlands,Agrarian
342,PPR,Radical Political Party,Netherlands,Green/Ecologist
1452,PSP,Pacifist Socialist Party,Netherlands,Communist/Socialist
1501,PVV,Party for Freedom,Netherlands,Conservative
742,PvdA,Labour Party,Netherlands,Social democracy
990,PvdD,Party for the Animals,Netherlands,Special issue
2539,RKP,Roman Catholic Party,Netherlands,Christian democracy
2466,RKVP,Roman Catholic People's Party,Netherlands,Christian democracy
212,RPF,Reformatory Political Federation,Netherlands,Christian democracy
2465,RSP,Revolutionary Socialist Party ,Netherlands,Communist/Socialist
1771,S+G+R,Reformatory Political Federation / Reformed Political League / Political Reformed Party,Netherlands,Conservative
1451,SDAP,Social Democratic Workers' Party,Netherlands,Social democracy
1251,SGP,Political Reformed Party,Netherlands,Conservative
357,SP,Socialist Party,Netherlands,Communist/Socialist
944,VDB,Free-thinking Democratic League,Netherlands,Liberal
1409,VVD,People's Party for Freedom and Democracy,Netherlands,Liberal
2110,no-seat,no seat,Netherlands,no family
674,none,no party affiliation,Netherlands,no family
2288,one-seat,one seat,Netherlands,no family
2544,A,Teetotaler Party,Norway,Special issue
1209,DLF,Liberal People's Party,Norway,Liberal
104,DNA,Norwegian Labour Party,Norway,Social democracy
2415,DRF, Radical People's Party,Norway,Communist/Socialist
2472,FV,Liberal Left Party,Norway,Liberal
2194,FeBo,Electoral lists Conservatives,Norway,Conservative
351,Fr,Progress Party,Norway,Right-wing
1435,H,Conservative Party,Norway,Conservative
17,Hf,Resistance Movement,Norway,Special issue
780,Kp,Coastal Party,Norway,Conservative
1538,KrF,Christian Democratic Party,Norway,Christian democracy
2254,MDG,Green Party,Norway,Green/Ecologist
2473,MV,Moderate Liberal Party,Norway,Liberal
27,NKP,Communist Party of Norway,Norway,Communist/Socialist
2414,NS,National Gathering,Norway,Right-wing
2474,NSA,Social Democratic Labour Party of Norway,Norway,Social democracy
733,P,Pensioners Party,Norway,Special issue
1638,RV,Red Electoral Alliance,Norway,Communist/Socialist
1773,SF,Socialist People's Party,Norway,Communist/Socialist
81,SV,Socialist Left Party,Norway,Communist/Socialist
2420,Soc,Society Party,Norway,Christian democracy
702,Sp,Centre Party,Norway,Agrarian
647,V,Liberal Party of Norway,Norway,Liberal
2578,etc,others,Norway,no family
2100,no-seat,no seat,Norway,no family
793,none,no party affiliation,Norway,no family
474,one-seat,one seat,Norway,no family
1355,AWS,Solidarity Electoral Action,Poland,Christian democracy
1019,BBWR,Non-Party Block for Supporting the Reforms,Poland,Christian democracy
334,ChD,Christian Democracy,Poland,Christian democracy
1104,D|W|U,Democratic | Freedom | Union,Poland,Liberal
1680,IdP,Initiative for Poland,Poland,Conservative
2600,K,Kukiz'15,Poland,Right-wing
1544,KLD,Liberal Democratic Congress,Poland,Liberal
2602,KORWIN,Coalition for the Renewal of the Republic -- Liberty and Hope,Poland,Conservative
109,KPEiR,National Party of Pensioners and Retired,Poland,Special issue
1275,KPEiR-RP,National Agreement of Pensioners and Retired of the Republic Poland,Poland,Special issue
548,KPN,Confederation for Independent Poland,Poland,Right-wing
1671,LP,Libertas Poland,Poland,Conservative
987,LPR,League of Polish Families,Poland,Conservative
180,LiD,Left and Democrats,Poland,Social democracy
900,MN,German minority,Poland,Special issue
2601,N,Modern,Poland,Liberal
1712,NCD -BdP,National Christian Democratic -- Block for Poland,Poland,Christian democracy
1678,NKWW,National Voters Committee,Poland,Christian democracy
369,PC,Centre Agreement,Poland,Christian democracy
696,PCD,Party of Christian Democrats,Poland,Christian democracy
619,PL,Peasants Agreement,Poland,Agrarian
512,PO,Civic Platform,Poland,Conservative
1691,PPG,Polish Economic Program [Large Beer],Poland,Liberal
2331,PR|A,Poland Together | Alliance,Poland,Conservative
664,PSL,Polish People's Party,Poland,Agrarian
1077,PZPR,Polish United Workers' Party,Poland,Communist/Socialist
1074,PZZ,Polish Western Union,Poland,Communist/Socialist
528,PiS,Law and Justice,Poland,Conservative
1679,PjN,Poland is the Most Important,Poland,Conservative
1283,PrRz,Republic Right Party,Poland,Conservative
1208,RAS,Movement for Silesian Autonomy,Poland,Special issue
322,RKN,Catholic-National Movement,Poland,Right-wing
2398,RN,National Movement ,Poland,Right-wing
148,ROP,Movement for the Reconstruction of Poland,Poland,Conservative
1945,RP,Your (Palikot's) Movement,Poland,Liberal
2625,Razem,Together Party,Poland,Social democracy
1710,RdR,Movement for the Republic,Poland,Christian democracy
108,S,Solidarnosc,Poland,Social democracy
1216,SD,Democratic Party,Poland,Communist/Socialist
1140,SDPL,Social Democracy of Poland,Poland,Social democracy
629,SLD,Democratic Left Alliance,Poland,Social democracy
2372,SP,United Poland,Poland,Right-wing
207,SRP,Self-Defense of the Republic Poland,Poland,Agrarian
18,SoPr,Labour Solidarity,Poland,Social democracy
838,UP,Labour Union,Poland,Social democracy
1549,UPR|KNP,Real Politics Union | Congress of the New Right,Poland,Conservative
181,X,Party X,Poland,Right-wing
1758,ZChN,Christian National Union,Poland,Conservative
822,ZSL,United People's Party,Poland,Agrarian
1091,etc,others,Poland,no family
2053,no-seat,no seat,Poland,no family
1011,none,no party affiliation,Poland,no family
2287,one-seat,one seat,Poland,no family
414,todo,to be coded,Poland,no family
1543,AD,Democratic Alliance,Portugal,Liberal
11,APU,United People Alliance,Portugal,Communist/Socialist
622,ASDI,Independent Social Democrats,Portugal,Social democracy
557,BE,Bloc of the Left,Portugal,Communist/Socialist
251,CDS-PP,Democratic and Social Centre -- People's Party,Portugal,Christian democracy
1295,CDU,Unified Democratic Coalition,Portugal,Communist/Socialist
1290,FRS,Republican and Socialist Front,Portugal,Social democracy
601,FSP,People's Socialist Front,Portugal,Communist/Socialist
889,ID,Democratic Intervention,Portugal,Social democracy
2374,L,Livre,Portugal,Social democracy
1281,MDP,Democratic Movement,Portugal,Social democracy
925,MEP,Hope for Portugal Movement,Portugal,Liberal
1508,MES,Movement of Socialist Left,Portugal,Communist/Socialist
2373,MPT,Earth Party,Portugal,Green/Ecologist
1781,PAN,Party for Animals and Nature,Portugal,Green/Ecologist
514,PCP,Portuguese Communist Party,Portugal,Communist/Socialist
281,PCTP/MRPP,Communist Party of the Portuguese Workers / Reorganizative Movement of the Party of the Proletariat,Portugal,Communist/Socialist
427,PDC,Christian Democratic Party,Portugal,Christian democracy
2597,PDR,Republican Democratic Party,Portugal,Conservative
1535,PEV,Ecology Party -- Greens,Portugal,Green/Ecologist
375,POUS,Workers Party of Socialist Unity,Portugal,Communist/Socialist
107,PPM,Popular Monarchist Party,Portugal,Conservative
341,PRD,Democratic Renewal Party,Portugal,Social democracy
725,PS,Socialist Party,Portugal,Social democracy
1273,PSD,Social Democratic Party,Portugal,Liberal
82,PSN,National Solidarity Party,Portugal,Special issue
998,PSR,Revolutionary Socialist Party,Portugal,Communist/Socialist
1772,Ref,Reformists,Portugal,Communist/Socialist
260,UDP,Popular Democratic Union,Portugal,Communist/Socialist
565,UEDS,Leftwing Union for the Socialist Democracy,Portugal,Social democracy
729,none,no party affiliation,Portugal,no family
2291,one-seat,one seat,Portugal,no family
1147,todo,to be coded,Portugal,no family
2647,ALDE,Alliance of Liberals and Democrats,Romania,Liberal
2040,ApR,Alliance for Romania,Romania,Social democracy
356,CDR,Romanian Democratic Convention,Romania,Christian democracy
2129,FC,Civic Force,Romania,Christian democracy
152,GDC,Democratic Group of the Centre,Romania,to be coded
2394,I-MD,Independent -- Mircea Diaconu,Romania,no family
2401,LRP,Liberal Reformist Party,Romania,Liberal
1639,MER,Romanian Ecological Movement,Romania,Green/Ecologist
861,PAC,Party of the Civic Alliance,Romania,Liberal
2087,PAR,Alternative Party of Romania,Romania,Conservative
5,PC,Conservative Party,Romania,Conservative
419,PD,Democratic Party,Romania,Liberal
958,PD-L,Democratic Liberal Party,Romania,Liberal
1299,PDAR,Democratic Agrarian Party of Romania,Romania,Agrarian
792,PER,Romanian Ecologist Party,Romania,Green/Ecologist
1589,PIN,National Initiative Party,Romania,Conservative
2099,PL/DC,Liberal Party / Democratic Convention,Romania,Liberal
1485,PLD,Liberal Democratic Party,Romania,Liberal
2395,PMP,People's Movement Party,Romania,Christian democracy
1332,PNG-CD,New Generation Party -- Christian Democratic,Romania,Christian democracy
1015,PNL,National Liberal Party,Romania,Liberal
2041,PNL-C,National Liberal Party Campeanu,Romania,Liberal
2088,PNL-CD,National Liberal Party -- Democratic Convention,Romania,Conservative
888,PNT-CD,Christian-Democratic National Peasants' Party,Romania,Christian democracy
2130,PP-DD,People's Party -- Dan Diaconescu,Romania,Communist/Socialist
2106,PPR,Party of Pensioners of Romania,Romania,Special issue
713,PRM,Greater Romania Party,Romania,Right-wing
2648,PRU,United Romania Party,Romania,Right-wing
2104,PS,Socialist Party,Romania,Communist/Socialist
1120,PSD,Social Democratic Party,Romania,Social democracy
1601,PSDR,Romanian Social Democratic Party,Romania,Social democracy
562,PSM,Socialist Party of Labour,Romania,Communist/Socialist
2105,PSMR,Romanian Socialist Party of Workers,Romania,Communist/Socialist
307,PSoDR,Romanian Socialist Democratic Party,Romania,Communist/Socialist
648,PUNR,Romanian National Unity Party,Romania,Right-wing
2098,PaRe,Republican Party,Romania,to be coded
254,PaRo,Party of the Roma,Romania,Social democracy
948,UDMR,Democratic Union of Hungarians in Romania,Romania,Conservative
2002,UNPR,National Union for the Progress of Romania,Romania,Social democracy
2646,USR,Save Romania Union,Romania,no family
425,etnice,Romanian ethnic minorities parties,Romania,no family
761,none,no party affiliation,Romania,no family
441,one-seat,one seat,Romania,no family
429,todo,to be coded,Romania,no family
2013, ZZ-DS,"Change from the Bottom, Democratic Union of Slovakia",Slovakia,Liberal
2015,99%,99 Percent -- Civic Voice,Slovakia,Communist/Socialist
1624,ADS,Alliance of Democrats,Slovakia,Liberal
1200,ANO,Alliance of the New Citizen,Slovakia,Liberal
1000,DS,Democratic Party,Slovakia,Christian democracy
1495,DUS,Democratic Union,Slovakia,Liberal
2160,HZD,Movement for Democracy,Slovakia,Conservative
1142,HZDS,Movement for a Democratic Slovakia,Slovakia,Conservative
2239,HZPCS,Movement for a Prosperous Czechia and Slovakia,Slovakia,to be coded
1432,KDH,Christian Democratic Movement,Slovakia,Christian democracy
44,KSS,Communist Party of Slovakia,Slovakia,Communist/Socialist
936,KSU,Christian Social Union,Slovakia,Christian democracy
586,LsNS,People's Party Our Slovakia,Slovakia,Right-wing
1615,Lu+Ls,People's Union -- Liberal Party,Slovakia,Conservative
1620,MH,Most-Hid,Slovakia,Conservative
559,MK,Hungarian Coalition,Slovakia,Conservative
2247,MKDM,Hungarian Christian Democratic Movement,Slovakia,Christian democracy
2246,MOS,Hungarian Civic Party,Slovakia,Liberal
2390,MS,Beautiful Slovakia,Slovakia,Christian democracy
1228,NDS,National Democratic Party,Slovakia,Right-wing
2237,NS,New Slovakia,Slovakia,Special issue
2391,NaS-NS,Nation and Justice -- Our Party,Slovakia,Right-wing
1645,OKS,Civic Conservative Party,Slovakia,Conservative
1759,OLaNO,Ordinary People and Independent,Slovakia,Conservative
20,PSNS,Real Slovak National Party,Slovakia,Right-wing
2389,PaS,Law and Justice,Slovakia,Communist/Socialist
2624,S,Network,Slovakia,Conservative
2248,S-E,Coexistence,Slovakia,Conservative
64,SDA,Social Democratic Alternative,Slovakia,Social democracy
313,SDK,Slovak Democratic Coalition,Slovakia,Christian democracy
131,SDKU-DS,Slovak Democratic and Christian Union -- Democratic Party,Slovakia,Christian democracy
1415,SDL,Party of the Democratic Left,Slovakia,Communist/Socialist
2317,SDL-05,Party of the Democratic Left -- 2005,Slovakia,Social democracy
1651,SDSS,Social Democratic Party of Slovakia,Slovakia,Social democracy
752,SF,Free Forum,Slovakia,Liberal
1072,SNS,Slovak National Party,Slovakia,Right-wing
1016,SOP,Party of Civic Understanding,Slovakia,Social democracy
2238,SPK,"Party against Corruption, for Order, Labour and Money for all Decent Citizens",Slovakia,Special issue
2233,SPV,Alliance of Farmers and the Countryside,Slovakia,Agrarian
2623,SR,We are family -- Boris Kollar,Slovakia,Right-wing
2232,SSL,Freedom Party,Slovakia,Liberal
527,SV,Common Choice,Slovakia,Communist/Socialist
2235,SZ-92,Green Party -- 1992,Slovakia,Green/Ecologist
874,SZS,Green Party,Slovakia,Green/Ecologist
1460,SaS,Freedom and Solidarity,Slovakia,Liberal
220,Smer,Direction -- Social Democracy,Slovakia,Social democracy
2388,TIP,TIP Party -- We create another policy ,Slovakia,Liberal
1061,VPN,Public against Violence,Slovakia,Liberal
1563,ZRS,Association of Workers of Slovakia,Slovakia,Communist/Socialist
1659,etc,others,Slovakia,no family
1359,none,no party affiliation,Slovakia,no family
1631,todo,to be coded,Slovakia,no family
380,AS,Active Slovenia,Slovenia,Liberal
321,DEMOS,Democratic Opposition of Slovenia,Slovenia,Special issue
1988,DL,Civic List,Slovenia,Liberal
143,DS,Democratic Party,Slovenia,Social democracy
2570,DZL,Civic Green List,Slovenia,Green/Ecologist
1587,DeSUS,Democratic Party of Pensioners of Slovenia,Slovenia,Special issue
2022,GZS,Voice of Slovenian women,Slovenia,Special issue
2383,I-JK,Independent -- Jelko Kacin,Slovenia,no family
2335,IDS,Initiative for Democratic Socialism,Slovenia,Communist/Socialist
199,Ita,Italian national community,Slovenia,Special issue
2241,KS,Christian Socialists,Slovenia,Christian democracy
1252,LDS,Liberal Democracy of Slovenia,Slovenia,Liberal
2243,LDSS,Liberal Democratic Party of Slovenia,Slovenia,Liberal
1946,LIPA,Party Lime Tree,Slovenia,Right-wing
1987,LZJ-PS,Zoran Jankovic's List -- Positive Slovenia,Slovenia,Social democracy
65,Mad,Hungarian national community,Slovenia,Special issue
2573,NDS,National Democratic Party,Slovenia,Conservative
1047,NSI,New Slovenia -- Christian People's Party,Slovenia,Christian democracy
2338,PSS,Slovenian Pirate Party,Slovenia,Special issue
2386,S,Solidarity,Slovenia,Social democracy
179,SDS,Slovenian Democratic Party,Slovenia,Social democracy
1371,SDZ,Slovenian Democratic Union,Slovenia,Liberal
2245,SF,Slovenian Forum,Slovenia,to be coded
16,SLS,Slovenian People's Party,Slovenia,Christian democracy
2333,SMC,Party of Miro Cerar,Slovenia,Social democracy
1512,SMS,Youth Party of Slovenia,Slovenia,Green/Ecologist
2244,SN,Party of Independence,Slovenia,to be coded
981,SNS,Slovenian National Party,Slovenia,to be coded
2019,SO,Slovenia is Ours,Slovenia,Special issue
2275,SOPS,Slovenian Craftsmen and Entreprenerial Party,Slovenia,Liberal
875,SOS,Slovenian Liberal Party,Slovenia,Liberal
2385,SS,Dream Job,Slovenia,Green/Ecologist
317,SSS,Socialist Party of Slovenia,Slovenia,Communist/Socialist
1989,TRS,Party for Sustainable Development of Slovenia,Slovenia,Social democracy
2384,V,I Believe ,Slovenia,Social democracy
2571,ZEO,League for Citizens' Equality,Slovenia,Social democracy
706,ZL-SD,United List -- Social Democrats,Slovenia,Social democracy
1619,ZS,Greens of Slovenia,Slovenia,Green/Ecologist
2337,ZaAB,Alliance of Alenka Bratusek,Slovenia,Social democracy
326,Zares,For Real,Slovenia,Social democracy
2334,ZdLe,United Left,Slovenia,Communist/Socialist
753,etc,others,Slovenia,no family
1370,none,no party affiliation,Slovenia,no family
1376,todo,to be coded,Slovenia,no family
1461,C,Centre Party,Sweden,Agrarian
892,FP,People's Party,Sweden,Liberal
1521,Fi,Feminist Initiative,Sweden,Special issue
2556,JR,National Farmers' Union,Sweden,Agrarian
404,Jl,June List,Sweden,Special issue
282,KD,Christian Democrats,Sweden,Christian democracy
657,M,Moderate Party,Sweden,Conservative
1154,MP,Greens,Sweden,Green/Ecologist
802,MbS,Citizens Coalition,Sweden,Conservative
1010,Mi,Middle Parties,Sweden,Liberal
2608,NP-AV,National Party [General Electoral League],Sweden,Conservative
951,NyD,New Democracy,Sweden,Right-wing
721,Pi,Pirate Party,Sweden,Special issue
904,SAP,Social Democrats,Sweden,Social democracy
1546,SD,Sweden Democrats,Sweden,Right-wing
1806,SJ,Sarajevo List,Sweden,Special issue
2475,SKP-H,Communist Party of Sweden [Hoglund],Sweden,Communist/Socialist
2477,SLP,Liberal Party of Sweden,Sweden,Liberal
2478,SP,Socialist Party ,Sweden,Communist/Socialist
407,SPI,Swedish Senior Citizen Interest Party,Sweden,Special issue
2557,SSV-21,Social Democratic Left Party of Sweden -- 1921,Sweden,Communist/Socialist
882,V,Left Party (Communists),Sweden,Communist/Socialist
2406,VSP,Left Socialist Party,Sweden,Social democracy
2405,no-seat,no seat,Sweden,no family
786,none,no party affiliation,Sweden,no family
